{
    "atom_radius":{
        "O": 1.4,
        "Si": 2.1,
        "Pt": 2.1
    },
    "a": 40.1399993896,
    "b": 19.9200000763,
    "c": 26.8400001526,
    "probe_r": 1.5,
    "mesh_num": 10,
    "probe_mesh_delta": 1,
    "max_plane_distance": 4,
    "start_points":[
        [
          0.738380015,
          0,
          0.491400003
        ],
           [
             0.493160009,
             0,
             0.774869978
           ],
              
           [
             0.501399994,
             0,
             0.250380009
           ],
           [
             0.494100004,
             1,
             0.779600024
           ],
           [
             0.502340019,
             1,
             0.255109996
           ],
           [
             0.73931998,
             1,
             0.49612999
           ],
           [
             0,
             0.243210003,
             0.367089987
           ],
           [
             0,
             0.747839987,
             0.606239974
           ],
           [
             1,
             0.254830003,
             0.369120002
           ],
           [
             1,
             0.759459972,
             0.608269989
           ]
         ]
}